id,first_name,last_name
847DDCF5-830B-4759-A994-CAD5A4D45CF3,Greene,Farley
C21247C6-4DB5-7845-14B7-AD27EA6B1BAE,Rosario,Dorsey
28A66369-8A69-4FE5-E6EB-4F8237612C4B,Lucas,Yang
A7C91FB6-BE23-5DB6-7B57-BED3D5FB35F3,Pacheco,Mueller
934CA9EC-4B16-133A-A4A1-F577B2F6963C,Gill,Kirk
7AA9462B-55DF-2437-896E-E9B4AE6EB3EC,Booth,Hunter
489D67E0-867C-4145-443B-C4747030C2FA,Lester,Ramirez
9132E77A-74CC-DF12-37F2-C49DD023DEB7,Townsend,Hartman
E09033AD-E61C-7D55-5475-E52419CC4E7D,Ellison,Alford
E582ABC9-3CAF-0513-C559-693712ECE40C,Travis,Orr
6E4EC731-371A-BD3D-29EB-B6C9D7CEC04B,Davidson,Mccall
8FAC97A8-6922-D8D8-DC01-BCB7A0DD5FFD,Stephens,Schultz
5DED2EA6-CFD9-CB1A-0B4E-ADDAF4638D29,Anthony,Hinton
D27D9184-9918-7E0C-A11E-E30BD381798E,Barrera,Richardson
3047FB0B-D86D-870D-6C69-14E1ECB7EA54,Mann,Morton
51348D99-AC6D-6176-6E9A-78E3F93A9CA4,Carey,Rose
9BE578AC-E967-84E2-7B80-F55D7C8997C4,Powers,Carpenter
938B2C81-D9A5-D660-55C4-6FD036A37A0B,Meadows,Weiss
4E81CAE6-1FC9-5647-46B2-27EB7E065418,Crane,Frost
26C570D3-EC81-11E3-5D2F-7C38B6B94E52,Duncan,Burns
